{
    "Logistic Regression": {
        "params": {
            "penalty": "l2"
        },
        "train": {
            "acccuracy": 0.88062,
            "precision": 0.86613,
            "recall": 0.9004,
            "f1": 0.88293,
            "fbeta": 0.89333
        },
        "test": {
            "acccuracy": 0.89466,
            "precision": 0.87178,
            "recall": 0.92544,
            "f1": 0.89781,
            "fbeta": 0.91419
        }
    }
}